
	<!DOCTYPE project [
		<!ELEMENT project (objectids-table | current-scenario | duration | aggregation-period | truncated-mean | percentile)* >
	
		<!ELEMENT objectids-table (objectids-entry)* >
		<!ELEMENT objectids-entry (#PCDATA)>
		<!ELEMENT duration (#PCDATA)>
		<!ELEMENT truncated-mean (#PCDATA)>
		<!ELEMENT percentile (#PCDATA)>
		<!ELEMENT aggregation-period (#PCDATA)>
		<!ELEMENT current-scenario (#PCDATA)>
		<!ATTLIST duration
		    value CDATA #REQUIRED>
	    <!ATTLIST aggregation-period
		    value CDATA #REQUIRED>
		<!ATTLIST objectids-entry
		    objectid CDATA #REQUIRED
		    type CDATA #REQUIRED
		    value CDATA #REQUIRED
		    key CDATA #REQUIRED>
		<!ATTLIST truncated-mean
		    centered-interval CDATA #REQUIRED
		    percentage CDATA #REQUIRED>
		 <!ATTLIST percentile
		    percentage CDATA #REQUIRED>
	]>


<!--****** RUNTIME PROJECT ******--><project>
<!--****** CURRENT SCENARIO ******-->
<current-scenario>Build</current-scenario>
<!--****** OBJECTIDS ******-->
<objectids-table>
<objectids-entry key="" objectid="0" type="LG_HOST" value="localhost:7100"/>
<objectids-entry key="" objectid="1" type="ZONE" value="Default zone"/>
<objectids-entry key="Default zone¤Load Test Mix¤" objectid="2" type="POPULATION" value="Load Test Mix"/>
<objectids-entry key="Default zone¤Load Test Mix¤Browse" objectid="3" type="VIRTUAL_USER" value="Browse"/>
<objectids-entry key="Default zone¤Load Test Mix¤Browse" objectid="4" type="BASIC_LOGICAL_CONTAINER" value="$parent=Browse;$index=0"/>
<objectids-entry key="Default zone¤Load Test Mix¤Browse" objectid="5" type="BASIC_LOGICAL_CONTAINER" value="$parent=Browse;$index=1"/>
<objectids-entry key="Default zone¤Load Test Mix¤Browse" objectid="6" type="BASIC_LOGICAL_CONTAINER" value="4ea639cf-44fa-4c59-9bf9-555ff9a1592b"/>
<objectids-entry key="Default zone¤Load Test Mix¤Browse" objectid="7" type="HTTP_PAGE" value="f716e130-a198-40c2-af1e-d7e23d6f2c8d"/>
<objectids-entry key="Default zone¤Load Test Mix¤Browse" objectid="8" type="ACTION" value="a30b604a-6d39-453e-b75a-7f556c915842"/>
<objectids-entry key="Default zone¤Load Test Mix¤Browse" objectid="9" type="ACTION" value="c3a84f37-83fa-4cb0-a752-ff583bab6d3d"/>
<objectids-entry key="Default zone¤Load Test Mix¤Browse" objectid="10" type="HTTP_PAGE" value="14c4c2d5-d0a7-424b-b364-e24c15925b42"/>
<objectids-entry key="Default zone¤Load Test Mix¤Browse" objectid="11" type="ACTION" value="103bdbaa-f95e-45b6-81e1-d4dd26676945"/>
<objectids-entry key="Default zone¤Load Test Mix¤Browse" objectid="12" type="ACTION" value="7dd53099-ba9d-491a-8f8d-0b4e924d8495"/>
<objectids-entry key="Default zone¤Load Test Mix¤Browse" objectid="13" type="ACTION" value="32075e61-0cf8-4a4f-81f8-a29be4127e7a"/>
<objectids-entry key="Default zone¤Load Test Mix¤Browse" objectid="14" type="ACTION" value="8dea0417-8d80-44a5-8b9f-b32c961ec715"/>
<objectids-entry key="Default zone¤Load Test Mix¤Browse" objectid="15" type="ACTION" value="c99e8aae-102d-4ddf-a385-9a3e057d7f94"/>
<objectids-entry key="Default zone¤Load Test Mix¤Browse" objectid="16" type="ACTION" value="31bbb771-da32-49ba-ac3d-cfd9a8e97712"/>
<objectids-entry key="Default zone¤Load Test Mix¤Browse" objectid="17" type="ACTION" value="9ea714a0-3267-4b1c-8745-3b012e2b3ddf"/>
<objectids-entry key="Default zone¤Load Test Mix¤Browse" objectid="18" type="ACTION" value="20f80655-0429-4666-a557-6e1f355ce1c9"/>
<objectids-entry key="Default zone¤Load Test Mix¤Browse" objectid="19" type="ACTION" value="1a7d4c92-a020-455e-88d7-e0aed55f0e08"/>
<objectids-entry key="Default zone¤Load Test Mix¤Browse" objectid="20" type="ACTION" value="be07ae60-5e09-4cc5-926e-e9590842b3aa"/>
<objectids-entry key="Default zone¤Load Test Mix¤Browse" objectid="21" type="ACTION" value="70a38e8a-9ccc-4641-898a-12a3cac36df8"/>
<objectids-entry key="Default zone¤Load Test Mix¤Browse" objectid="22" type="ACTION" value="8008779f-b3b0-4637-93b9-fe835d58d7fd"/>
<objectids-entry key="Default zone¤Load Test Mix¤Browse" objectid="23" type="ACTION" value="67b79641-aee0-4d2b-b5f6-28b6eddbbd35"/>
<objectids-entry key="Default zone¤Load Test Mix¤Browse" objectid="24" type="ACTION" value="22f0de9d-f5e7-4457-8cfb-0db1e90f131a"/>
<objectids-entry key="Default zone¤Load Test Mix¤Browse" objectid="25" type="ACTION" value="436054e0-5851-4983-b10b-68afa0980557"/>
<objectids-entry key="Default zone¤Load Test Mix¤Browse" objectid="26" type="ACTION" value="dea697dd-6b59-4e61-922c-42b465d695ff"/>
<objectids-entry key="Default zone¤Load Test Mix¤Browse" objectid="27" type="ACTION" value="8d6befcb-e2e2-4353-bf08-da1439f2dd72"/>
<objectids-entry key="Default zone¤Load Test Mix¤Browse" objectid="28" type="ACTION" value="dedc6c1b-ebe2-49ce-8137-975ee0762e7d"/>
<objectids-entry key="Default zone¤Load Test Mix¤Browse" objectid="29" type="ACTION" value="69c69070-15a0-4dc0-95d3-4692b682803a"/>
<objectids-entry key="Default zone¤Load Test Mix¤Browse" objectid="30" type="ACTION" value="9a5147ea-7995-4189-8df7-d36b6c89fb7d"/>
<objectids-entry key="Default zone¤Load Test Mix¤Browse" objectid="31" type="ACTION" value="30ed5f6c-1c3b-4dfc-977a-23ce86d5a129"/>
<objectids-entry key="Default zone¤Load Test Mix¤Browse" objectid="32" type="ACTION" value="c4a8ebe9-971d-4046-826e-bd4e23796d05"/>
<objectids-entry key="Default zone¤Load Test Mix¤Browse" objectid="33" type="ACTION" value="c30229c8-d32a-4e8c-9caa-5f28bbb4e2f2"/>
<objectids-entry key="Default zone¤Load Test Mix¤Browse" objectid="34" type="ACTION" value="c44ae9a1-06f8-49c8-8ca0-239fa31889bc"/>
<objectids-entry key="Default zone¤Load Test Mix¤Browse" objectid="35" type="ACTION" value="1055ac34-cbf8-4fcd-9438-4e6157984b91"/>
<objectids-entry key="Default zone¤Load Test Mix¤Browse" objectid="36" type="ACTION" value="52e3acef-a581-45d7-bf7b-9b1325fbff6e"/>
<objectids-entry key="Default zone¤Load Test Mix¤Browse" objectid="37" type="ACTION" value="2f2b828b-d654-40b1-a048-931560c1d67e"/>
<objectids-entry key="Default zone¤Load Test Mix¤Browse" objectid="38" type="ACTION" value="1be7eadc-3156-4760-bed9-0fd739daa8b2"/>
<objectids-entry key="Default zone¤Load Test Mix¤Browse" objectid="39" type="ACTION" value="fccac29f-af45-48a9-b413-00ce9c854449"/>
<objectids-entry key="Default zone¤Load Test Mix¤Browse" objectid="40" type="ACTION" value="469dae30-b706-4fac-a358-d72cbd63c843"/>
<objectids-entry key="Default zone¤Load Test Mix¤Browse" objectid="41" type="ACTION" value="cf2d7e3a-9369-41c8-86bf-e70b3065c72b"/>
<objectids-entry key="Default zone¤Load Test Mix¤Browse" objectid="42" type="ACTION" value="0da58613-d3c5-4a30-97e9-9410adc208cf"/>
<objectids-entry key="Default zone¤Load Test Mix¤Browse" objectid="43" type="ACTION" value="71431095-df85-4d50-8915-1d29eff42c2f"/>
<objectids-entry key="Default zone¤Load Test Mix¤Browse" objectid="44" type="ACTION" value="31e59b84-2312-48f5-aaca-458381a8c03e"/>
<objectids-entry key="Default zone¤Load Test Mix¤Browse" objectid="45" type="ACTION" value="6f977178-bfe7-4999-abf3-19d785fe737d"/>
<objectids-entry key="Default zone¤Load Test Mix¤Browse" objectid="46" type="ACTION" value="6dcc592f-f069-4bd9-a2ce-33a677a49008"/>
<objectids-entry key="Default zone¤Load Test Mix¤Browse" objectid="47" type="ACTION" value="2419acd1-06f9-481b-b9fa-3e390fee56e2"/>
<objectids-entry key="Default zone¤Load Test Mix¤Browse" objectid="48" type="ACTION" value="50f57c75-56f9-4e9e-835e-9b26079c8a9a"/>
<objectids-entry key="Default zone¤Load Test Mix¤Browse" objectid="49" type="ACTION" value="8dc378d5-6feb-4716-9de4-375a85aece8b"/>
<objectids-entry key="Default zone¤Load Test Mix¤Browse" objectid="50" type="ACTION" value="6965b57d-7f01-480d-ab87-231b1d65772a"/>
<objectids-entry key="Default zone¤Load Test Mix¤Browse" objectid="51" type="ACTION" value="0589a778-e727-437b-81f8-d06e9b16a3dc"/>
<objectids-entry key="Default zone¤Load Test Mix¤Browse" objectid="52" type="ACTION" value="b77cb8b3-dfb8-4038-9cf8-77146d425b8f"/>
<objectids-entry key="Default zone¤Load Test Mix¤Browse" objectid="53" type="ACTION" value="dfbcdc95-121e-4178-94c3-4ab4714b5020"/>
<objectids-entry key="Default zone¤Load Test Mix¤Browse" objectid="54" type="ACTION" value="f3250d90-33a6-42dc-93be-79c5ef15e81d"/>
<objectids-entry key="Default zone¤Load Test Mix¤Browse" objectid="55" type="ACTION" value="a5295018-e310-4b8a-9855-ccf220879bcb"/>
<objectids-entry key="Default zone¤Load Test Mix¤Browse" objectid="56" type="ACTION" value="0260a288-2cb4-4ca2-859e-63f589788314"/>
<objectids-entry key="Default zone¤Load Test Mix¤Browse" objectid="57" type="ACTION" value="0b3b50f8-e7b8-4d14-bfcb-36bd5b5d6a13"/>
<objectids-entry key="Default zone¤Load Test Mix¤Browse" objectid="58" type="BASIC_LOGICAL_CONTAINER" value="ef40ecf1-4269-429e-bf63-786b91d34b20"/>
<objectids-entry key="Default zone¤Load Test Mix¤Browse" objectid="59" type="HTTP_PAGE" value="d9cf003c-938e-4129-a24a-a18a147bfec7"/>
<objectids-entry key="Default zone¤Load Test Mix¤Browse" objectid="60" type="ACTION" value="431f9231-391c-4a2c-abb2-8db26e9dacbd"/>
<objectids-entry key="Default zone¤Load Test Mix¤Browse" objectid="61" type="ACTION" value="4fa7df52-46c2-4e47-a623-398b57155b55"/>
<objectids-entry key="Default zone¤Load Test Mix¤Browse" objectid="62" type="BASIC_LOGICAL_CONTAINER" value="75509f2d-4931-4dba-add4-475622cf59e1"/>
<objectids-entry key="Default zone¤Load Test Mix¤Browse" objectid="63" type="HTTP_PAGE" value="f21a6740-3240-46f6-bfde-32fcb943be50"/>
<objectids-entry key="Default zone¤Load Test Mix¤Browse" objectid="64" type="ACTION" value="e7bf903b-ff85-4c5a-9fce-02ef7996b2b2"/>
<objectids-entry key="Default zone¤Load Test Mix¤Browse" objectid="65" type="ACTION" value="c44a748a-a57a-45fe-833f-b6bd7dc8accf"/>
<objectids-entry key="Default zone¤Load Test Mix¤Browse" objectid="66" type="ACTION" value="d7f8e961-ee5d-4ba4-9863-efd51083bbe5"/>
<objectids-entry key="Default zone¤Load Test Mix¤Browse" objectid="67" type="ACTION" value="1d5908e5-72b7-44c6-b03c-f3298734fb18"/>
<objectids-entry key="Default zone¤Load Test Mix¤Browse" objectid="68" type="ACTION" value="9c4d143a-aac2-463c-8b34-b718ed858325"/>
<objectids-entry key="Default zone¤Load Test Mix¤Browse" objectid="69" type="ACTION" value="0883505f-ca09-4c11-ac9d-d9ff62f88271"/>
<objectids-entry key="Default zone¤Load Test Mix¤Browse" objectid="70" type="ACTION" value="389da1bd-04a6-4ec3-8d30-c3dfdbf37692"/>
<objectids-entry key="Default zone¤Load Test Mix¤Browse" objectid="71" type="ACTION" value="43f9731b-4cd5-4343-8243-7c4a0a0b9c3f"/>
<objectids-entry key="Default zone¤Load Test Mix¤Browse" objectid="72" type="ACTION" value="81a17ea4-e4f5-4a5d-936e-9663b2c7a003"/>
<objectids-entry key="Default zone¤Load Test Mix¤Browse" objectid="73" type="ACTION" value="b1c2d0ce-878a-421e-b9b0-b202d9184f44"/>
<objectids-entry key="Default zone¤Load Test Mix¤Browse" objectid="74" type="BASIC_LOGICAL_CONTAINER" value="66c2dc3c-2469-4036-8ab1-69bbd1866496"/>
<objectids-entry key="Default zone¤Load Test Mix¤Browse" objectid="75" type="BASIC_LOGICAL_CONTAINER" value="3a1c64c8-3854-4b1b-996e-a2fed7fda816"/>
<objectids-entry key="Default zone¤Load Test Mix¤Browse" objectid="76" type="HTTP_PAGE" value="12e9c4f2-4c48-4f32-9808-fd2a7e0e5b07"/>
<objectids-entry key="Default zone¤Load Test Mix¤Browse" objectid="77" type="ACTION" value="faca7a20-3bc1-42cf-888e-3d458e4ac955"/>
<objectids-entry key="Default zone¤Load Test Mix¤Browse" objectid="78" type="HTTP_PAGE" value="27c8b7ab-0d68-43c6-8931-c6e1c930303d"/>
<objectids-entry key="Default zone¤Load Test Mix¤Browse" objectid="79" type="ACTION" value="28a9829e-e208-4d00-9d92-4ae9e5c18cdd"/>
<objectids-entry key="Default zone¤Load Test Mix¤Browse" objectid="80" type="ACTION" value="1d05227f-f174-4c6e-a99a-61e47230d419"/>
<objectids-entry key="Default zone¤Load Test Mix¤Browse" objectid="81" type="ACTION" value="597b57d1-1778-4470-8d46-b687dee45117"/>
<objectids-entry key="Default zone¤Load Test Mix¤Browse" objectid="82" type="HTTP_PAGE" value="70042831-65ca-4bd8-832c-87531633e33d"/>
<objectids-entry key="Default zone¤Load Test Mix¤Browse" objectid="83" type="ACTION" value="0f843461-559b-461e-b321-cca72241bb05"/>
<objectids-entry key="Default zone¤Load Test Mix¤Browse" objectid="84" type="ACTION" value="c62019f3-a409-407a-82c1-76ab403709b6"/>
<objectids-entry key="Default zone¤Load Test Mix¤Browse" objectid="85" type="ACTION" value="98e479ef-9799-4635-90b9-78475acf7a43"/>
<objectids-entry key="Default zone¤Load Test Mix¤Browse" objectid="86" type="ACTION" value="d91b2743-4ec8-4f17-83f6-6c4b4d075c2c"/>
<objectids-entry key="Default zone¤Load Test Mix¤Browse" objectid="87" type="ACTION" value="2d6e150f-743d-45df-90c3-f1f5b2a1bc34"/>
<objectids-entry key="Default zone¤Load Test Mix¤Browse" objectid="88" type="ACTION" value="e8c2fc0d-86f7-45fc-ae44-e6f731b21eed"/>
<objectids-entry key="Default zone¤Load Test Mix¤Browse" objectid="89" type="ACTION" value="44174425-c1ee-4b19-b689-1158b620140f"/>
<objectids-entry key="Default zone¤Load Test Mix¤Browse" objectid="90" type="ACTION" value="74838afa-e50f-4cb9-b97b-eccb1bde497e"/>
<objectids-entry key="Default zone¤Load Test Mix¤Browse" objectid="91" type="HTTP_PAGE" value="5702df71-6900-4ebb-8092-8f687b7c3b1e"/>
<objectids-entry key="Default zone¤Load Test Mix¤Browse" objectid="92" type="ACTION" value="29fe7c71-34f6-4c02-910d-93a8909b5a58"/>
<objectids-entry key="Default zone¤Load Test Mix¤Browse" objectid="93" type="BASIC_LOGICAL_CONTAINER" value="a371562d-bc70-4a15-87c4-4eb8c67398ec"/>
<objectids-entry key="Default zone¤Load Test Mix¤Browse" objectid="94" type="HTTP_PAGE" value="cc0133c7-1a60-40fc-9d5e-188fd4c3c196"/>
<objectids-entry key="Default zone¤Load Test Mix¤Browse" objectid="95" type="ACTION" value="5a67c364-47c1-4609-9c9e-8e02bb2d1cd5"/>
<objectids-entry key="Default zone¤Load Test Mix¤Browse" objectid="96" type="ACTION" value="c8ce3eaf-1bb8-4d78-a99a-f59ef4cc3d47"/>
<objectids-entry key="Default zone¤Load Test Mix¤Browse" objectid="97" type="BASIC_LOGICAL_CONTAINER" value="a8164ba0-6756-49d9-be0d-a59837cd7d96"/>
<objectids-entry key="Default zone¤Load Test Mix¤Browse" objectid="98" type="HTTP_PAGE" value="9b29409f-aa39-4af7-88f7-9c7bfb416221"/>
<objectids-entry key="Default zone¤Load Test Mix¤Browse" objectid="99" type="ACTION" value="b5fe57ce-1ff5-47a9-a35a-8f209a9c94ff"/>
<objectids-entry key="Default zone¤Load Test Mix¤Browse" objectid="100" type="BASIC_LOGICAL_CONTAINER" value="79f2e557-6726-47e8-a448-14ef3267a052"/>
<objectids-entry key="Default zone¤Load Test Mix¤Browse" objectid="101" type="BASIC_LOGICAL_CONTAINER" value="cf676188-8c27-42db-bc24-ad7bf060e769"/>
<objectids-entry key="Default zone¤Load Test Mix¤Browse" objectid="102" type="HTTP_PAGE" value="16c86a09-1fe8-4eb5-b1f9-30959729d529"/>
<objectids-entry key="Default zone¤Load Test Mix¤Browse" objectid="103" type="ACTION" value="991f72d0-6de4-4732-acd9-2feb0e84ce14"/>
<objectids-entry key="Default zone¤Load Test Mix¤Browse" objectid="104" type="HTTP_PAGE" value="d7f3060e-d5d9-48b8-952d-d60d0d9c333e"/>
<objectids-entry key="Default zone¤Load Test Mix¤Browse" objectid="105" type="ACTION" value="85a13af0-b4d9-4615-9236-8b28e92ecf20"/>
<objectids-entry key="Default zone¤Load Test Mix¤Browse" objectid="106" type="ACTION" value="96e7a997-1744-4278-97e1-658b593b5746"/>
<objectids-entry key="Default zone¤Load Test Mix¤Browse" objectid="107" type="BASIC_LOGICAL_CONTAINER" value="ebd9d3ef-82d3-4aab-8b2a-a7ad08c85df1"/>
<objectids-entry key="Default zone¤Load Test Mix¤Browse" objectid="108" type="HTTP_PAGE" value="6478004c-008f-4d6f-813a-adbf7a1654c1"/>
<objectids-entry key="Default zone¤Load Test Mix¤Browse" objectid="109" type="ACTION" value="2ab06c18-8bb5-4267-b95c-ebc583621038"/>
<objectids-entry key="Default zone¤Load Test Mix¤Browse" objectid="110" type="ACTION" value="8f69ea7f-8576-4bec-bfe0-4939db72247d"/>
<objectids-entry key="Default zone¤Load Test Mix¤Browse" objectid="111" type="BASIC_LOGICAL_CONTAINER" value="48c148b8-5dbb-4f4f-8910-8ce25cff89bc"/>
<objectids-entry key="Default zone¤Load Test Mix¤Browse" objectid="112" type="HTTP_PAGE" value="358a5bab-822d-4f1b-a1e0-b592f673641f"/>
<objectids-entry key="Default zone¤Load Test Mix¤Browse" objectid="113" type="ACTION" value="ea1105f6-322a-48b8-80ed-aceaa88caafd"/>
<objectids-entry key="Default zone¤Load Test Mix¤Browse" objectid="114" type="BASIC_LOGICAL_CONTAINER" value="$parent=Browse;$index=2"/>
<objectids-entry key="Default zone¤Load Test Mix¤Check Order Status" objectid="115" type="VIRTUAL_USER" value="Check Order Status"/>
<objectids-entry key="Default zone¤Load Test Mix¤Check Order Status" objectid="116" type="BASIC_LOGICAL_CONTAINER" value="$parent=Check Order Status;$index=0"/>
<objectids-entry key="Default zone¤Load Test Mix¤Check Order Status" objectid="117" type="BASIC_LOGICAL_CONTAINER" value="$parent=Check Order Status;$index=1"/>
<objectids-entry key="Default zone¤Load Test Mix¤Check Order Status" objectid="118" type="BASIC_LOGICAL_CONTAINER" value="4765d80f-907a-44d2-8157-c4e3c2cb2e3c"/>
<objectids-entry key="Default zone¤Load Test Mix¤Check Order Status" objectid="119" type="HTTP_PAGE" value="db263835-163b-42d0-af85-d1714e185b0e"/>
<objectids-entry key="Default zone¤Load Test Mix¤Check Order Status" objectid="120" type="ACTION" value="c09834dd-13b5-4ff2-b4b8-30ef670fd911"/>
<objectids-entry key="Default zone¤Load Test Mix¤Check Order Status" objectid="121" type="ACTION" value="4a6c5d13-390e-4df1-b2c1-5c2d21f59071"/>
<objectids-entry key="Default zone¤Load Test Mix¤Check Order Status" objectid="122" type="HTTP_PAGE" value="4e95fb67-865b-47be-bb6e-0577b479457c"/>
<objectids-entry key="Default zone¤Load Test Mix¤Check Order Status" objectid="123" type="ACTION" value="541c4524-9456-4646-bb50-1031bcdeabb4"/>
<objectids-entry key="Default zone¤Load Test Mix¤Check Order Status" objectid="124" type="ACTION" value="6db409ae-e3dc-487a-bf1c-84340ac57c7a"/>
<objectids-entry key="Default zone¤Load Test Mix¤Check Order Status" objectid="125" type="ACTION" value="8b7c95e8-c44c-432a-a05b-ec8c16d54655"/>
<objectids-entry key="Default zone¤Load Test Mix¤Check Order Status" objectid="126" type="ACTION" value="028d7a5b-d2d7-4d20-ae06-553bb31ee242"/>
<objectids-entry key="Default zone¤Load Test Mix¤Check Order Status" objectid="127" type="ACTION" value="315353e4-7a44-4809-aa76-37c20d15d4c5"/>
<objectids-entry key="Default zone¤Load Test Mix¤Check Order Status" objectid="128" type="ACTION" value="4e279e00-89c6-46de-b35c-c37f9c81ba35"/>
<objectids-entry key="Default zone¤Load Test Mix¤Check Order Status" objectid="129" type="ACTION" value="d85a1e19-7e33-4574-a446-f7a959df95f4"/>
<objectids-entry key="Default zone¤Load Test Mix¤Check Order Status" objectid="130" type="ACTION" value="0e49d144-2284-4f23-bd41-8a037353d0c7"/>
<objectids-entry key="Default zone¤Load Test Mix¤Check Order Status" objectid="131" type="ACTION" value="39d5352e-a427-46cc-9c3d-a1351e4546f1"/>
<objectids-entry key="Default zone¤Load Test Mix¤Check Order Status" objectid="132" type="ACTION" value="dd7ef3d0-9993-4e6e-90bf-04d8053869c8"/>
<objectids-entry key="Default zone¤Load Test Mix¤Check Order Status" objectid="133" type="ACTION" value="e1fab803-4650-41c8-90fe-16e4f4a5e60b"/>
<objectids-entry key="Default zone¤Load Test Mix¤Check Order Status" objectid="134" type="ACTION" value="26f0893e-a96b-4157-8332-7e8144046404"/>
<objectids-entry key="Default zone¤Load Test Mix¤Check Order Status" objectid="135" type="ACTION" value="dbbcee28-5d4f-4683-afa8-962e56cbf8eb"/>
<objectids-entry key="Default zone¤Load Test Mix¤Check Order Status" objectid="136" type="ACTION" value="91e977fe-57e1-496c-bdef-3d8b95ca29c3"/>
<objectids-entry key="Default zone¤Load Test Mix¤Check Order Status" objectid="137" type="ACTION" value="07c676f2-8890-481b-85d7-c8fa9868bada"/>
<objectids-entry key="Default zone¤Load Test Mix¤Check Order Status" objectid="138" type="ACTION" value="6bbad858-7bca-4fe4-8aca-65d2e767a6e9"/>
<objectids-entry key="Default zone¤Load Test Mix¤Check Order Status" objectid="139" type="ACTION" value="80ae4070-658b-4629-a13c-158de4f96c39"/>
<objectids-entry key="Default zone¤Load Test Mix¤Check Order Status" objectid="140" type="ACTION" value="71ce0c9d-4ae3-474f-8249-161c780dfb4d"/>
<objectids-entry key="Default zone¤Load Test Mix¤Check Order Status" objectid="141" type="ACTION" value="fc3e0a0f-539e-46ce-8942-97030dd3c24f"/>
<objectids-entry key="Default zone¤Load Test Mix¤Check Order Status" objectid="142" type="ACTION" value="b2d11a78-727c-4f08-910f-09675f87a727"/>
<objectids-entry key="Default zone¤Load Test Mix¤Check Order Status" objectid="143" type="ACTION" value="3359e31b-aeab-41bd-999f-26b3cc1a66aa"/>
<objectids-entry key="Default zone¤Load Test Mix¤Check Order Status" objectid="144" type="ACTION" value="f6b62fe2-a4e0-479f-9ffa-7d3b8e3bb535"/>
<objectids-entry key="Default zone¤Load Test Mix¤Check Order Status" objectid="145" type="ACTION" value="9da4f18d-06db-41ae-8cf5-d4f4e9718b79"/>
<objectids-entry key="Default zone¤Load Test Mix¤Check Order Status" objectid="146" type="ACTION" value="e5b03973-9598-4769-a60e-6b2c883989e5"/>
<objectids-entry key="Default zone¤Load Test Mix¤Check Order Status" objectid="147" type="ACTION" value="b9e57d06-0765-45ed-adf9-028ec13afe73"/>
<objectids-entry key="Default zone¤Load Test Mix¤Check Order Status" objectid="148" type="ACTION" value="7370b852-b306-40df-8c36-0b8dad20d7ba"/>
<objectids-entry key="Default zone¤Load Test Mix¤Check Order Status" objectid="149" type="ACTION" value="42a5a6f6-3162-49d5-928a-633d086df89b"/>
<objectids-entry key="Default zone¤Load Test Mix¤Check Order Status" objectid="150" type="ACTION" value="26a1548e-51b2-494a-b909-555c3d2bed8a"/>
<objectids-entry key="Default zone¤Load Test Mix¤Check Order Status" objectid="151" type="ACTION" value="f9b45872-8c8b-4460-a4de-edcfb9194262"/>
<objectids-entry key="Default zone¤Load Test Mix¤Check Order Status" objectid="152" type="ACTION" value="9a3be307-52a7-48a0-8c61-75289774cec9"/>
<objectids-entry key="Default zone¤Load Test Mix¤Check Order Status" objectid="153" type="ACTION" value="e0910825-f4d1-43fe-8dc2-7d7aff8d67e2"/>
<objectids-entry key="Default zone¤Load Test Mix¤Check Order Status" objectid="154" type="ACTION" value="ddec69ec-223d-4931-b188-8a121f81f02a"/>
<objectids-entry key="Default zone¤Load Test Mix¤Check Order Status" objectid="155" type="ACTION" value="f287e09f-1024-4d4c-8188-7756ce961458"/>
<objectids-entry key="Default zone¤Load Test Mix¤Check Order Status" objectid="156" type="ACTION" value="dd94e975-c842-4bee-8261-1bcd95f15821"/>
<objectids-entry key="Default zone¤Load Test Mix¤Check Order Status" objectid="157" type="ACTION" value="560a7a8a-921c-4c33-b5bd-1739a470edd0"/>
<objectids-entry key="Default zone¤Load Test Mix¤Check Order Status" objectid="158" type="ACTION" value="2ab3564e-9c02-49bc-b0d5-8d98d0b194a1"/>
<objectids-entry key="Default zone¤Load Test Mix¤Check Order Status" objectid="159" type="ACTION" value="771f1dc8-fbdc-4f03-a703-0139d376d45d"/>
<objectids-entry key="Default zone¤Load Test Mix¤Check Order Status" objectid="160" type="ACTION" value="24d72df2-a9ca-417e-86e0-99a621e9f4a6"/>
<objectids-entry key="Default zone¤Load Test Mix¤Check Order Status" objectid="161" type="ACTION" value="b7b9b10b-7982-40c4-991d-89faf9f1799f"/>
<objectids-entry key="Default zone¤Load Test Mix¤Check Order Status" objectid="162" type="ACTION" value="963033c4-f049-4bde-a7b8-891f48b44681"/>
<objectids-entry key="Default zone¤Load Test Mix¤Check Order Status" objectid="163" type="ACTION" value="01f0a76a-9f3e-46f4-809f-a40e6fd162df"/>
<objectids-entry key="Default zone¤Load Test Mix¤Check Order Status" objectid="164" type="ACTION" value="796732e3-b22e-4acc-86e7-026199e1c3e7"/>
<objectids-entry key="Default zone¤Load Test Mix¤Check Order Status" objectid="165" type="ACTION" value="88b583a6-1281-454d-9a7d-c67fd2a46e84"/>
<objectids-entry key="Default zone¤Load Test Mix¤Check Order Status" objectid="166" type="ACTION" value="d6b11555-d065-4b2b-a7e9-2b1c3b3e61f9"/>
<objectids-entry key="Default zone¤Load Test Mix¤Check Order Status" objectid="167" type="ACTION" value="e7898914-fb50-43ca-a68d-2c243db3aafc"/>
<objectids-entry key="Default zone¤Load Test Mix¤Check Order Status" objectid="168" type="ACTION" value="71c5c458-4bbe-45c3-8a36-4c3dcf15275d"/>
<objectids-entry key="Default zone¤Load Test Mix¤Check Order Status" objectid="169" type="ACTION" value="fb11fb98-f15a-47cb-a5da-578968a3112f"/>
<objectids-entry key="Default zone¤Load Test Mix¤Check Order Status" objectid="170" type="BASIC_LOGICAL_CONTAINER" value="a7497325-16e7-4ccd-87af-a0bd9fc884b6"/>
<objectids-entry key="Default zone¤Load Test Mix¤Check Order Status" objectid="171" type="HTTP_PAGE" value="8ebfbcd2-c465-4993-9ba4-9ca06de344b2"/>
<objectids-entry key="Default zone¤Load Test Mix¤Check Order Status" objectid="172" type="ACTION" value="7ba575d9-34d3-4003-8b6e-eff7e76ad31b"/>
<objectids-entry key="Default zone¤Load Test Mix¤Check Order Status" objectid="173" type="ACTION" value="d8c55e71-7a20-4f19-96be-88201287a0e8"/>
<objectids-entry key="Default zone¤Load Test Mix¤Check Order Status" objectid="174" type="BASIC_LOGICAL_CONTAINER" value="bff6fb9b-d49e-43f7-b4e6-b7d50f1c7b6e"/>
<objectids-entry key="Default zone¤Load Test Mix¤Check Order Status" objectid="175" type="HTTP_PAGE" value="6e3563ab-1d6e-41f4-b04a-5c6d71072fd6"/>
<objectids-entry key="Default zone¤Load Test Mix¤Check Order Status" objectid="176" type="ACTION" value="0478e172-b2e3-4dbb-8229-902df1623934"/>
<objectids-entry key="Default zone¤Load Test Mix¤Check Order Status" objectid="177" type="BASIC_LOGICAL_CONTAINER" value="0904135d-7023-4271-b19e-f4f317eca9c5"/>
<objectids-entry key="Default zone¤Load Test Mix¤Check Order Status" objectid="178" type="HTTP_PAGE" value="8b9112d3-f482-4caa-ab93-d62e1a9d84c2"/>
<objectids-entry key="Default zone¤Load Test Mix¤Check Order Status" objectid="179" type="ACTION" value="2a569300-89b2-4bdd-b270-4412fb7221ca"/>
<objectids-entry key="Default zone¤Load Test Mix¤Check Order Status" objectid="180" type="BASIC_LOGICAL_CONTAINER" value="0ed3454e-3f41-424e-9d13-b884cd7818f4"/>
<objectids-entry key="Default zone¤Load Test Mix¤Check Order Status" objectid="181" type="HTTP_PAGE" value="41079795-0c0c-4841-81e0-b2514fc2e813"/>
<objectids-entry key="Default zone¤Load Test Mix¤Check Order Status" objectid="182" type="ACTION" value="e05813a1-682b-43bd-a6ba-ed21541be74b"/>
<objectids-entry key="Default zone¤Load Test Mix¤Check Order Status" objectid="183" type="BASIC_LOGICAL_CONTAINER" value="$parent=Check Order Status;$index=2"/>
<objectids-entry key="Default zone¤Load Test Mix¤New Buyer" objectid="184" type="VIRTUAL_USER" value="New Buyer"/>
<objectids-entry key="Default zone¤Load Test Mix¤New Buyer" objectid="185" type="BASIC_LOGICAL_CONTAINER" value="$parent=New Buyer;$index=0"/>
<objectids-entry key="Default zone¤Load Test Mix¤New Buyer" objectid="186" type="BASIC_LOGICAL_CONTAINER" value="$parent=New Buyer;$index=1"/>
<objectids-entry key="Default zone¤Load Test Mix¤New Buyer" objectid="187" type="BASIC_LOGICAL_CONTAINER" value="870e75da-c56f-443b-b50a-6679f30a5eb7"/>
<objectids-entry key="Default zone¤Load Test Mix¤New Buyer" objectid="188" type="HTTP_PAGE" value="0a034ed4-7920-46ce-a128-a2f5c94aa2c4"/>
<objectids-entry key="Default zone¤Load Test Mix¤New Buyer" objectid="189" type="ACTION" value="ad35f251-4a44-4847-bd0e-b53e91c680fd"/>
<objectids-entry key="Default zone¤Load Test Mix¤New Buyer" objectid="190" type="ACTION" value="a3754492-414f-45b6-bb3c-7897f04fd34c"/>
<objectids-entry key="Default zone¤Load Test Mix¤New Buyer" objectid="191" type="HTTP_PAGE" value="e53c7570-eaa5-4b8e-8374-c7b1c5832519"/>
<objectids-entry key="Default zone¤Load Test Mix¤New Buyer" objectid="192" type="ACTION" value="42eb90f6-2a3a-4c40-8453-a8fd9e9d953d"/>
<objectids-entry key="Default zone¤Load Test Mix¤New Buyer" objectid="193" type="ACTION" value="32dcdbfb-acbb-4591-9e25-62e9a6241e7a"/>
<objectids-entry key="Default zone¤Load Test Mix¤New Buyer" objectid="194" type="ACTION" value="3ba44ac8-841e-493b-a4ba-94337c4aefbc"/>
<objectids-entry key="Default zone¤Load Test Mix¤New Buyer" objectid="195" type="ACTION" value="bfb079b3-135b-41b9-9977-7b63dc7e0d89"/>
<objectids-entry key="Default zone¤Load Test Mix¤New Buyer" objectid="196" type="ACTION" value="7e12b9f8-f40b-49a6-ac50-a4cdab84da19"/>
<objectids-entry key="Default zone¤Load Test Mix¤New Buyer" objectid="197" type="ACTION" value="a72005ed-4426-4d31-ad3b-4e9c48cbb7da"/>
<objectids-entry key="Default zone¤Load Test Mix¤New Buyer" objectid="198" type="ACTION" value="8bb76c94-9efd-40c9-9794-561700866c7b"/>
<objectids-entry key="Default zone¤Load Test Mix¤New Buyer" objectid="199" type="ACTION" value="d69f0dff-164a-431a-811b-5f43ebfa1a33"/>
<objectids-entry key="Default zone¤Load Test Mix¤New Buyer" objectid="200" type="ACTION" value="ebb200ea-d41c-47c2-a0b1-1b3eecbb3c1e"/>
<objectids-entry key="Default zone¤Load Test Mix¤New Buyer" objectid="201" type="ACTION" value="a06fecf9-9575-4ca4-a5a7-617d93f6ea6d"/>
<objectids-entry key="Default zone¤Load Test Mix¤New Buyer" objectid="202" type="ACTION" value="29881f12-af0d-468c-ac97-f0d66ea11bd5"/>
<objectids-entry key="Default zone¤Load Test Mix¤New Buyer" objectid="203" type="ACTION" value="9495f6a5-e9b9-428b-9958-bae95a56be92"/>
<objectids-entry key="Default zone¤Load Test Mix¤New Buyer" objectid="204" type="ACTION" value="48a750d1-1f58-42f5-a4f0-938b4d5e4906"/>
<objectids-entry key="Default zone¤Load Test Mix¤New Buyer" objectid="205" type="ACTION" value="da709c8d-8c66-4e53-91e9-f8b0fa0cb94b"/>
<objectids-entry key="Default zone¤Load Test Mix¤New Buyer" objectid="206" type="ACTION" value="8bae9ed5-a3c6-45bd-930e-7cea89e75657"/>
<objectids-entry key="Default zone¤Load Test Mix¤New Buyer" objectid="207" type="ACTION" value="0d41de1a-1cf9-405f-8372-222baf94ddfd"/>
<objectids-entry key="Default zone¤Load Test Mix¤New Buyer" objectid="208" type="ACTION" value="b76150a2-2711-4c42-8037-bf71bc812a2a"/>
<objectids-entry key="Default zone¤Load Test Mix¤New Buyer" objectid="209" type="ACTION" value="d0bda4a8-dc32-498b-a975-7a5de2aa6ea1"/>
<objectids-entry key="Default zone¤Load Test Mix¤New Buyer" objectid="210" type="ACTION" value="5a9289ff-fe53-414b-b892-aac6c1f3456f"/>
<objectids-entry key="Default zone¤Load Test Mix¤New Buyer" objectid="211" type="ACTION" value="85c34980-edd0-41cc-9913-8709697b1174"/>
<objectids-entry key="Default zone¤Load Test Mix¤New Buyer" objectid="212" type="ACTION" value="c999b56f-1324-4b54-99ea-4ebeef268681"/>
<objectids-entry key="Default zone¤Load Test Mix¤New Buyer" objectid="213" type="ACTION" value="d1fdecae-7705-4453-87bc-dd468c24c383"/>
<objectids-entry key="Default zone¤Load Test Mix¤New Buyer" objectid="214" type="ACTION" value="2c4e2fe7-c197-4393-ab5e-08a96721c153"/>
<objectids-entry key="Default zone¤Load Test Mix¤New Buyer" objectid="215" type="ACTION" value="ea19428f-846a-45b0-92f0-ff556424335b"/>
<objectids-entry key="Default zone¤Load Test Mix¤New Buyer" objectid="216" type="ACTION" value="4cfabb9c-b6f5-4838-996b-83f50a7f8a9c"/>
<objectids-entry key="Default zone¤Load Test Mix¤New Buyer" objectid="217" type="ACTION" value="3b24d656-93b5-417d-9702-30241f6b26f4"/>
<objectids-entry key="Default zone¤Load Test Mix¤New Buyer" objectid="218" type="ACTION" value="d1dadb76-88de-4d4d-88ca-8bbe0620949f"/>
<objectids-entry key="Default zone¤Load Test Mix¤New Buyer" objectid="219" type="ACTION" value="7b206bf6-732a-4fa4-83e1-a7b9769cb984"/>
<objectids-entry key="Default zone¤Load Test Mix¤New Buyer" objectid="220" type="ACTION" value="170ae45d-9f21-45ec-8534-6a97ff8b5ae0"/>
<objectids-entry key="Default zone¤Load Test Mix¤New Buyer" objectid="221" type="ACTION" value="0bb53e88-0639-493e-b430-c092aafb363c"/>
<objectids-entry key="Default zone¤Load Test Mix¤New Buyer" objectid="222" type="ACTION" value="fc45c895-ee28-4eb2-b9a7-98713c268719"/>
<objectids-entry key="Default zone¤Load Test Mix¤New Buyer" objectid="223" type="ACTION" value="1f20369c-ea61-4654-80aa-95cc599538e8"/>
<objectids-entry key="Default zone¤Load Test Mix¤New Buyer" objectid="224" type="ACTION" value="7fab2454-0f98-4a8d-8d70-3295e4b7ae67"/>
<objectids-entry key="Default zone¤Load Test Mix¤New Buyer" objectid="225" type="ACTION" value="28c07ed8-3452-4b72-ad3b-003f347641f6"/>
<objectids-entry key="Default zone¤Load Test Mix¤New Buyer" objectid="226" type="ACTION" value="df591a39-35aa-494c-8d14-435faca619da"/>
<objectids-entry key="Default zone¤Load Test Mix¤New Buyer" objectid="227" type="ACTION" value="3da8c42a-eeef-47fe-a84b-ebdde87257ba"/>
<objectids-entry key="Default zone¤Load Test Mix¤New Buyer" objectid="228" type="ACTION" value="ad078e8e-5478-4040-a9bc-79c3df34439c"/>
<objectids-entry key="Default zone¤Load Test Mix¤New Buyer" objectid="229" type="ACTION" value="65ceda30-68bb-48d2-bda1-3219488ead3e"/>
<objectids-entry key="Default zone¤Load Test Mix¤New Buyer" objectid="230" type="ACTION" value="848b4ed1-73f0-44c8-beea-bcc96d8914cd"/>
<objectids-entry key="Default zone¤Load Test Mix¤New Buyer" objectid="231" type="ACTION" value="a692c952-11c1-4c40-97ea-f24e8158c6e7"/>
<objectids-entry key="Default zone¤Load Test Mix¤New Buyer" objectid="232" type="ACTION" value="44ddf35d-6514-4a11-b9e1-a11978983b9a"/>
<objectids-entry key="Default zone¤Load Test Mix¤New Buyer" objectid="233" type="ACTION" value="370aa8cf-0ceb-4779-8d82-4bcf98803795"/>
<objectids-entry key="Default zone¤Load Test Mix¤New Buyer" objectid="234" type="ACTION" value="386dd76b-452f-4dd9-b569-534b5e35861b"/>
<objectids-entry key="Default zone¤Load Test Mix¤New Buyer" objectid="235" type="ACTION" value="1d3f6562-31a4-40e3-a504-5e2e872f93eb"/>
<objectids-entry key="Default zone¤Load Test Mix¤New Buyer" objectid="236" type="ACTION" value="c6e7129c-c672-479e-9dea-1df4ce0ca946"/>
<objectids-entry key="Default zone¤Load Test Mix¤New Buyer" objectid="237" type="ACTION" value="cc73d730-8b61-46da-9d7c-5879478450f2"/>
<objectids-entry key="Default zone¤Load Test Mix¤New Buyer" objectid="238" type="ACTION" value="4212df92-a5f2-4b05-b0ca-98d0c1510225"/>
<objectids-entry key="Default zone¤Load Test Mix¤New Buyer" objectid="239" type="BASIC_LOGICAL_CONTAINER" value="6c28d019-39d5-4cd8-82c4-6958f02ad463"/>
<objectids-entry key="Default zone¤Load Test Mix¤New Buyer" objectid="240" type="HTTP_PAGE" value="b763ba57-e6a7-4fe7-b36f-4b8b37290e1f"/>
<objectids-entry key="Default zone¤Load Test Mix¤New Buyer" objectid="241" type="ACTION" value="d8e7bc54-0201-4585-8256-d6afa0099b25"/>
<objectids-entry key="Default zone¤Load Test Mix¤New Buyer" objectid="242" type="ACTION" value="35b66cf4-2b2b-4391-8091-f55af25fbecf"/>
<objectids-entry key="Default zone¤Load Test Mix¤New Buyer" objectid="243" type="ACTION" value="23cdca74-e5b1-47c0-9d19-59bd2a210477"/>
<objectids-entry key="Default zone¤Load Test Mix¤New Buyer" objectid="244" type="ACTION" value="931b4b02-4832-460b-82e6-39ca53dfd750"/>
<objectids-entry key="Default zone¤Load Test Mix¤New Buyer" objectid="245" type="ACTION" value="a4a6c2d2-c44b-4890-8e54-08dd7783ba9b"/>
<objectids-entry key="Default zone¤Load Test Mix¤New Buyer" objectid="246" type="BASIC_LOGICAL_CONTAINER" value="501a0841-d666-4f9b-b059-85b2c1bd1158"/>
<objectids-entry key="Default zone¤Load Test Mix¤New Buyer" objectid="247" type="HTTP_PAGE" value="f724ba21-d7bc-4064-94c3-5febcc525a29"/>
<objectids-entry key="Default zone¤Load Test Mix¤New Buyer" objectid="248" type="ACTION" value="11e6df59-5302-481b-a690-3cb2811e45df"/>
<objectids-entry key="Default zone¤Load Test Mix¤New Buyer" objectid="249" type="HTTP_PAGE" value="1d4b076e-be93-4aa8-bb93-2f258a23ada7"/>
<objectids-entry key="Default zone¤Load Test Mix¤New Buyer" objectid="250" type="ACTION" value="503f20be-7d27-4327-8e63-029547678d9c"/>
<objectids-entry key="Default zone¤Load Test Mix¤New Buyer" objectid="251" type="ACTION" value="245d0d53-7f7e-4b84-86fe-682f85cad5ad"/>
<objectids-entry key="Default zone¤Load Test Mix¤New Buyer" objectid="252" type="ACTION" value="078ef68d-72df-435b-a6ba-15da53877c1b"/>
<objectids-entry key="Default zone¤Load Test Mix¤New Buyer" objectid="253" type="ACTION" value="913d50f8-2bd2-4394-ac8c-142ecd60ca1d"/>
<objectids-entry key="Default zone¤Load Test Mix¤New Buyer" objectid="254" type="ACTION" value="e844ebf5-3970-4806-ae71-866d3c31510f"/>
<objectids-entry key="Default zone¤Load Test Mix¤New Buyer" objectid="255" type="ACTION" value="819e420a-3c29-4b1a-b7d2-c6dedebe8e27"/>
<objectids-entry key="Default zone¤Load Test Mix¤New Buyer" objectid="256" type="ACTION" value="a651ebf2-d068-4cf1-ae98-7031112fd0b9"/>
<objectids-entry key="Default zone¤Load Test Mix¤New Buyer" objectid="257" type="ACTION" value="a5791865-0816-4c72-b784-2b59b7b0ced2"/>
<objectids-entry key="Default zone¤Load Test Mix¤New Buyer" objectid="258" type="ACTION" value="315a332d-330c-4778-bf42-3ac3f824f0db"/>
<objectids-entry key="Default zone¤Load Test Mix¤New Buyer" objectid="259" type="ACTION" value="d427f87d-cf02-4148-9a33-2bfcdf935004"/>
<objectids-entry key="Default zone¤Load Test Mix¤New Buyer" objectid="260" type="ACTION" value="a0b64fb3-8d93-425c-a78d-29cfa3d71b0a"/>
<objectids-entry key="Default zone¤Load Test Mix¤New Buyer" objectid="261" type="ACTION" value="afce1001-51fb-426d-9702-b277368e1651"/>
<objectids-entry key="Default zone¤Load Test Mix¤New Buyer" objectid="262" type="BASIC_LOGICAL_CONTAINER" value="7589c23a-e94c-4b38-bea2-709dffb29af4"/>
<objectids-entry key="Default zone¤Load Test Mix¤New Buyer" objectid="263" type="HTTP_PAGE" value="660c3ca9-8884-4f72-9a58-ce99b21dc304"/>
<objectids-entry key="Default zone¤Load Test Mix¤New Buyer" objectid="264" type="ACTION" value="0a903f62-f93d-48ba-9235-8719434c1194"/>
<objectids-entry key="Default zone¤Load Test Mix¤New Buyer" objectid="265" type="ACTION" value="953e33fc-5b5c-4788-a77a-b6b8f872bf30"/>
<objectids-entry key="Default zone¤Load Test Mix¤New Buyer" objectid="266" type="BASIC_LOGICAL_CONTAINER" value="e8090efb-d93c-4f3c-8bc9-355a67a8dff8"/>
<objectids-entry key="Default zone¤Load Test Mix¤New Buyer" objectid="267" type="HTTP_PAGE" value="fdbddd19-3bd6-4794-8a59-7c33c865f15c"/>
<objectids-entry key="Default zone¤Load Test Mix¤New Buyer" objectid="268" type="ACTION" value="9bc86c17-7cf1-4ea8-9377-d2e0c3c67138"/>
<objectids-entry key="Default zone¤Load Test Mix¤New Buyer" objectid="269" type="ACTION" value="b3404f36-4878-4948-89b0-93518bae6eb6"/>
<objectids-entry key="Default zone¤Load Test Mix¤New Buyer" objectid="270" type="BASIC_LOGICAL_CONTAINER" value="ef28f609-7776-4636-91dd-4fb380c7b9a1"/>
<objectids-entry key="Default zone¤Load Test Mix¤New Buyer" objectid="271" type="HTTP_PAGE" value="60e67704-437c-4a9b-bbb4-4d4ed9808a7a"/>
<objectids-entry key="Default zone¤Load Test Mix¤New Buyer" objectid="272" type="ACTION" value="baf8add6-a417-4192-b08c-46ed701fc679"/>
<objectids-entry key="Default zone¤Load Test Mix¤New Buyer" objectid="273" type="ACTION" value="9792942b-9f0c-43eb-82f4-d983fd65bc88"/>
<objectids-entry key="Default zone¤Load Test Mix¤New Buyer" objectid="274" type="BASIC_LOGICAL_CONTAINER" value="b7069e0c-32bc-433f-bd8b-7e8ace250cf8"/>
<objectids-entry key="Default zone¤Load Test Mix¤New Buyer" objectid="275" type="HTTP_PAGE" value="fc0267fd-1d28-4b0e-a856-2c7a489f0fdb"/>
<objectids-entry key="Default zone¤Load Test Mix¤New Buyer" objectid="276" type="ACTION" value="7ca3b828-6618-4c7e-b496-49ca3a1d2052"/>
<objectids-entry key="Default zone¤Load Test Mix¤New Buyer" objectid="277" type="HTTP_PAGE" value="60bbe87c-995c-40e8-9b54-5b3e0e58dce4"/>
<objectids-entry key="Default zone¤Load Test Mix¤New Buyer" objectid="278" type="ACTION" value="f84357ea-4c31-4ab7-a596-73285af143a8"/>
<objectids-entry key="Default zone¤Load Test Mix¤New Buyer" objectid="279" type="ACTION" value="0a9e769a-ab29-4243-b324-e134b7b9d7e6"/>
<objectids-entry key="Default zone¤Load Test Mix¤New Buyer" objectid="280" type="HTTP_PAGE" value="309d819a-ef6d-47ca-ae17-bae46371a03f"/>
<objectids-entry key="Default zone¤Load Test Mix¤New Buyer" objectid="281" type="ACTION" value="f612330e-eaa1-46a5-8f0f-bb2c5e05c3ab"/>
<objectids-entry key="Default zone¤Load Test Mix¤New Buyer" objectid="282" type="BASIC_LOGICAL_CONTAINER" value="5954c403-d55f-41cd-8965-d3034ed98c29"/>
<objectids-entry key="Default zone¤Load Test Mix¤New Buyer" objectid="283" type="HTTP_PAGE" value="ed76ccfa-6db9-4826-a263-d641d4b369a1"/>
<objectids-entry key="Default zone¤Load Test Mix¤New Buyer" objectid="284" type="ACTION" value="d791a442-c833-4a78-b939-79349e5197c2"/>
<objectids-entry key="Default zone¤Load Test Mix¤New Buyer" objectid="285" type="BASIC_LOGICAL_CONTAINER" value="ec046aa8-6b3e-44f0-8bd3-7d2008ef3f90"/>
<objectids-entry key="Default zone¤Load Test Mix¤New Buyer" objectid="286" type="HTTP_PAGE" value="cb138230-d2f8-4e03-9021-648c43a8551c"/>
<objectids-entry key="Default zone¤Load Test Mix¤New Buyer" objectid="287" type="ACTION" value="b7e140ce-be22-46e5-a310-fcd59f00f587"/>
<objectids-entry key="Default zone¤Load Test Mix¤New Buyer" objectid="288" type="BASIC_LOGICAL_CONTAINER" value="3e530a8c-00a8-4e30-b2ab-ea9c863ae573"/>
<objectids-entry key="Default zone¤Load Test Mix¤New Buyer" objectid="289" type="HTTP_PAGE" value="ba8e198e-371d-4e8d-b162-ce6dc80f375b"/>
<objectids-entry key="Default zone¤Load Test Mix¤New Buyer" objectid="290" type="ACTION" value="c042b31e-3b2e-46f8-af00-a235b3957052"/>
<objectids-entry key="Default zone¤Load Test Mix¤New Buyer" objectid="291" type="JS_ACTION" value="ca3d3705-d5ea-4686-b629-d4c628bf7cbd"/>
<objectids-entry key="Default zone¤Load Test Mix¤New Buyer" objectid="292" type="BASIC_LOGICAL_CONTAINER" value="$parent=New Buyer;$index=2"/>
<objectids-entry key="¤¤" objectid="293" type="MONITORED_HOST" value="NeoLoad"/>
<objectids-entry key="¤¤" objectid="294" type="MONITORCONNECTION" value="NeoLoad$NeoLoad"/>
<objectids-entry key="¤¤" objectid="295" type="MONITOR" value="NeoLoad$NeoLoad$UserLoad"/>
<objectids-entry key="¤¤" objectid="296" type="MONITOR" value="NeoLoad$NeoLoad$throughput"/>
<objectids-entry key="¤¤" objectid="297" type="MONITOR" value="NeoLoad$NeoLoad$Alerts"/>
<objectids-entry key="¤¤" objectid="298" type="MONITOR" value="NeoLoad$NeoLoad$CriticalAlerts"/>
<objectids-entry key="¤¤" objectid="299" type="MONITOR" value="NeoLoad$NeoLoad$WarningAlerts"/>
<objectids-entry key="¤¤" objectid="300" type="MONITOR" value="NeoLoad$NeoLoad$cpu"/>
<objectids-entry key="¤¤" objectid="301" type="THRESHOLD" value="NeoLoad$NeoLoad$1fa9a8f5-861e-42ad-9d12-58fd3b7fb5cb"/>
<objectids-entry key="¤¤" objectid="302" type="MONITOR" value="NeoLoad$NeoLoad$memory"/>
<objectids-entry key="¤¤" objectid="303" type="THRESHOLD" value="NeoLoad$NeoLoad$8498323e-f918-435a-86db-4b97551a4118"/>
<objectids-entry key="¤¤" objectid="304" type="MONITOR" value="NeoLoad$NeoLoad$threadcount"/>
<objectids-entry key="¤¤" objectid="305" type="MONITOR" value="NeoLoad$NeoLoad$connectedlg"/>
<objectids-entry key="¤¤" objectid="306" type="MONITOR" value="NeoLoad$NeoLoad$totallgdisconnections"/>
<objectids-entry key="¤¤" objectid="307" type="THRESHOLD" value="NeoLoad$NeoLoad$3c2588a1-13bc-4d0b-8cfa-8ae44fc50ef1"/>
<objectids-entry key="¤¤" objectid="308" type="MONITOR" value="NeoLoad$NeoLoad$totallgreconnections"/>
<objectids-entry key="¤¤" objectid="309" type="MONITOR" value="NeoLoad$NeoLoad$otcp.NeoLoad"/>
<objectids-entry key="¤¤" objectid="310" type="MONITOR" value="NeoLoad$NeoLoad$tcp.NeoLoad"/>
<objectids-entry key="¤¤" objectid="311" type="MONITOR" value="NeoLoad$NeoLoad$zoneuserload~Default zone"/>
<objectids-entry key="¤¤" objectid="312" type="MONITOR" value="NeoLoad$NeoLoad$zoneuserloadperpopulation~Default zone~Load Test Mix"/>
<objectids-entry key="¤¤" objectid="313" type="MONITOR" value="NeoLoad$NeoLoad$zoneuserloadperpopulation~Default zone~Load Test Mix~Browse"/>
<objectids-entry key="¤¤" objectid="314" type="MONITOR" value="NeoLoad$NeoLoad$zoneuserloadperpopulation~Default zone~Load Test Mix~Check Order Status"/>
<objectids-entry key="¤¤" objectid="315" type="MONITOR" value="NeoLoad$NeoLoad$zoneuserloadperpopulation~Default zone~Load Test Mix~New Buyer"/>
<objectids-entry key="¤¤" objectid="316" type="MONITORED_HOST" value="LG localhost:7100"/>
<objectids-entry key="¤¤" objectid="317" type="MONITORCONNECTION" value="LG localhost:7100$NeoLoad"/>
<objectids-entry key="¤¤" objectid="318" type="MONITOR" value="LG localhost:7100$NeoLoad$lgcpu.localhost:7100"/>
<objectids-entry key="¤¤" objectid="319" type="THRESHOLD" value="LG localhost:7100$NeoLoad$8bb5facc-1159-45cd-b0d4-6b8e7667cb27"/>
<objectids-entry key="¤¤" objectid="320" type="MONITOR" value="LG localhost:7100$NeoLoad$lgmemory.localhost:7100"/>
<objectids-entry key="¤¤" objectid="321" type="THRESHOLD" value="LG localhost:7100$NeoLoad$1b7b7f56-aa0c-44d5-8df1-1c56e96bf7b6"/>
<objectids-entry key="¤¤" objectid="322" type="MONITOR" value="LG localhost:7100$NeoLoad$lgthroughput.localhost:7100"/>
<objectids-entry key="¤¤" objectid="323" type="MONITOR" value="LG localhost:7100$NeoLoad$lguserloadperpopulation~localhost:7100"/>
<objectids-entry key="¤¤" objectid="324" type="MONITOR" value="LG localhost:7100$NeoLoad$lgthreadcount.localhost:7100"/>
<objectids-entry key="¤¤" objectid="325" type="MONITOR" value="LG localhost:7100$NeoLoad$lg.jetty.httpclient.threadpool.used.localhost:7100"/>
<objectids-entry key="¤¤" objectid="326" type="MONITOR" value="LG localhost:7100$NeoLoad$lg.jetty.httpclient.taskpool.used.localhost:7100"/>
<objectids-entry key="¤¤" objectid="327" type="THRESHOLD" value="LG localhost:7100$NeoLoad$01a974b7-6237-4784-8db1-a14b0722f4ca"/>
<objectids-entry key="¤¤" objectid="328" type="MONITOR" value="LG localhost:7100$NeoLoad$lgdisconnections.localhost:7100"/>
<objectids-entry key="¤¤" objectid="329" type="MONITOR" value="LG localhost:7100$NeoLoad$lgreconnections.localhost:7100"/>
<objectids-entry key="¤¤" objectid="330" type="MONITOR" value="LG localhost:7100$NeoLoad$lgping.localhost:7100"/>
<objectids-entry key="¤¤" objectid="331" type="MONITOR" value="LG localhost:7100$NeoLoad$lgotcp.localhost:7100"/>
<objectids-entry key="¤¤" objectid="332" type="MONITOR" value="LG localhost:7100$NeoLoad$lgtcp.localhost:7100"/>
</objectids-table>
<!--****** DURATION ******-->
<duration value="600308"/>
<!--****** AGGREGATION PERIOD ******-->
<aggregation-period value="1000"/>
<!--****** EXTENDED STATISTICS ******-->
<truncated-mean centered-interval="true" percentage="90"/>
<percentile percentage="50"/>
</project>
